{
  "GradientBoosting": {
    "mse": 2746.9501051804655,
    "mae": 39.553191612909814,
    "r2": 0.43672082122295985
  },
  "XGBoost": {
    "mse": 2821.19384765625,
    "mae": 40.224945068359375,
    "r2": 0.4214966297149658
  },
  "AdaBoost": {
    "mse": 2414.523261496384,
    "mae": 37.90386296675669,
    "r2": 0.5048870100302048
  },
  "LightGBM": {
    "mse": 2956.698504324753,
    "mae": 41.65628959859097,
    "r2": 0.3937106093530828
  },
  "CatBoost": {
    "mse": 2774.0197617968615,
    "mae": 40.211236417970845,
    "r2": 0.43117002001987126
  }
}