{
  "GradientBoosting": {
    "Wildfire": {
      "mse": 2650.9362737281745,
      "mae": 36.46993358061885,
      "r2": 0.3625998754593176
    },
    "Heatwave": {
      "mse": 3774.145449493282,
      "mae": 51.61557936008905,
      "r2": 0.2501003430929506
    },
    "Flood": {
      "mse": 4337.552944099405,
      "mae": 46.22324808181839,
      "r2": 0.4198512623511711
    },
    "Hurricane": {
      "mse": 1740.585744977323,
      "mae": 34.44828717374186,
      "r2": 0.5978524675174859
    },
    "Tornado": {
      "mse": 1937.7186588309512,
      "mae": 33.41766353484796,
      "r2": 0.4742688483318469
    }
  },
  "XGBoost": {
    "Hurricane": {
      "mse": 1785.1773681640625,
      "mae": 32.8838996887207,
      "r2": 0.5875499248504639
    },
    "Tornado": {
      "mse": 1756.207763671875,
      "mae": 33.84458541870117,
      "r2": 0.5235153436660767
    },
    "Flood": {
      "mse": 4881.474609375,
      "mae": 52.912742614746094,
      "r2": 0.3471015691757202
    },
    "Heatwave": {
      "mse": 4334.412109375,
      "mae": 53.481597900390625,
      "r2": 0.13877874612808228
    },
    "Wildfire": {
      "mse": 2301.669921875,
      "mae": 34.742122650146484,
      "r2": 0.44657862186431885
    }
  },
  "AdaBoost": {
    "Hurricane": {
      "mse": 1558.6035024275157,
      "mae": 34.22562684199682,
      "r2": 0.6398979168774039
    },
    "Tornado": {
      "mse": 1442.459876357402,
      "mae": 28.211324411399055,
      "r2": 0.6086397328237536
    },
    "Wildfire": {
      "mse": 2258.857528774391,
      "mae": 35.962050210688965,
      "r2": 0.45687262103227355
    },
    "Heatwave": {
      "mse": 3355.5894912558974,
      "mae": 49.494753250040624,
      "r2": 0.33326485640569437
    },
    "Flood": {
      "mse": 4197.230279058863,
      "mae": 46.181756888252245,
      "r2": 0.4386194521660144
    }
  },
  "LightGBM": {
    "Heatwave": {
      "mse": 4114.173007903164,
      "mae": 52.29724567376664,
      "r2": 0.18253894335284593
    },
    "Flood": {
      "mse": 3669.459292487739,
      "mae": 42.22504109589352,
      "r2": 0.5092089471123377
    },
    "Hurricane": {
      "mse": 2028.043006369083,
      "mae": 37.19557763770617,
      "r2": 0.5314379121320609
    },
    "Wildfire": {
      "mse": 3255.7786857345714,
      "mae": 42.38979019441554,
      "r2": 0.21716951088922776
    },
    "Tornado": {
      "mse": 2144.997523072297,
      "mae": 36.211402912099786,
      "r2": 0.4180310887802027
    }
  },
  "CatBoost": {
    "Wildfire": {
      "mse": 2511.037118373239,
      "mae": 35.23573809041369,
      "r2": 0.396237703697627
    },
    "Tornado": {
      "mse": 1620.8574604921616,
      "mae": 30.269992181289915,
      "r2": 0.5602378830843454
    },
    "Hurricane": {
      "mse": 2100.1133914890956,
      "mae": 38.984696006780986,
      "r2": 0.5147866626175159
    },
    "Flood": {
      "mse": 4280.256340319884,
      "mae": 49.61444736198698,
      "r2": 0.4275146967305654
    },
    "Heatwave": {
      "mse": 4061.314593206598,
      "mae": 51.89817285137294,
      "r2": 0.19304158761392687
    }
  }
}