{
  "GradientBoosting": {
    "mse": 2843.7752787586774,
    "rmse": 53.32705953602427,
    "mae": 41.49197078511181,
    "r2": 0.4168662180558971
  },
  "XGBoost": {
    "mse": 2756.14501953125,
    "rmse": 52.49900017649146,
    "mae": 40.7761116027832,
    "r2": 0.4348353147506714
  },
  "AdaBoost": {
    "mse": 2440.845882130334,
    "rmse": 49.40491759056312,
    "mae": 38.3544599616984,
    "r2": 0.49948939319472285
  },
  "LightGBM": {
    "mse": 2683.03366865775,
    "rmse": 51.79800834643886,
    "mae": 38.828363957682676,
    "r2": 0.4498272834797633
  },
  "CatBoost": {
    "mse": 2577.415245276822,
    "rmse": 50.768250366511765,
    "mae": 38.39527915971245,
    "r2": 0.47148499712863434
  },
  "Blending": {
    "mse": 2532.503632600307,
    "rmse": 50.32398665249313,
    "mae": 38.58757506234705,
    "r2": 0.4806944022278645
  },
  "Stacking": {
    "mse": 2590.2979455308714,
    "rmse": 50.89496974683128,
    "mae": 40.00111557385197,
    "r2": 0.46884331943458146
  }
}