{
  "GradientBoosting": {
    "Tornado": {
      "mse": 2031.0876031810421,
      "rmse": 45.06758927634184,
      "mae": 35.6857116061335,
      "r2": 0.448936500718067
    },
    "Hurricane": {
      "mse": 1376.151179812661,
      "rmse": 37.09651169332045,
      "mae": 32.37094104220002,
      "r2": 0.6820519742382629
    },
    "Wildfire": {
      "mse": 2700.3034320734164,
      "rmse": 51.96444392152596,
      "mae": 39.44933860222779,
      "r2": 0.35072986817573126
    },
    "Heatwave": {
      "mse": 4902.385247904966,
      "rmse": 70.0170354121407,
      "mae": 57.35922632189051,
      "r2": 0.02592598387439049
    },
    "Flood": {
      "mse": 3981.5531782264484,
      "rmse": 63.09954974662219,
      "mae": 47.69764194443387,
      "r2": 0.46746631568566277
    }
  },
  "XGBoost": {
    "Wildfire": {
      "mse": 2607.534912109375,
      "rmse": 51.06402757430494,
      "mae": 40.52964401245117,
      "r2": 0.37303537130355835
    },
    "Flood": {
      "mse": 3884.930419921875,
      "rmse": 62.329210005597496,
      "mae": 44.68368148803711,
      "r2": 0.4803895950317383
    },
    "Heatwave": {
      "mse": 3898.765625,
      "rmse": 62.44009629236649,
      "mae": 50.59446716308594,
      "r2": 0.22533905506134033
    },
    "Tornado": {
      "mse": 1922.4420166015625,
      "rmse": 43.84566132015302,
      "mae": 33.431514739990234,
      "r2": 0.47841358184814453
    },
    "Hurricane": {
      "mse": 2035.57421875,
      "rmse": 45.117338338492445,
      "mae": 37.49616241455078,
      "r2": 0.5296978950500488
    }
  },
  "AdaBoost": {
    "Flood": {
      "mse": 4123.959237902564,
      "rmse": 64.21806006025535,
      "mae": 46.766066558670126,
      "r2": 0.4484194713429256
    },
    "Hurricane": {
      "mse": 1563.760131155624,
      "rmse": 39.54440707806382,
      "mae": 34.64612624845145,
      "r2": 0.6387065216675321
    },
    "Heatwave": {
      "mse": 3489.986550249372,
      "rmse": 59.07610811698222,
      "mae": 50.218826520693334,
      "r2": 0.3065609813756385
    },
    "Wildfire": {
      "mse": 2303.5943642776897,
      "rmse": 47.995774441899464,
      "mae": 36.76118248766051,
      "r2": 0.4461159443049014
    },
    "Tornado": {
      "mse": 1450.2994450019044,
      "rmse": 38.082797231846094,
      "mae": 27.983239023177795,
      "r2": 0.6065127442471239
    }
  },
  "LightGBM": {
    "Hurricane": {
      "mse": 1983.0608250195403,
      "rmse": 44.531571104324854,
      "mae": 36.661829746039714,
      "r2": 0.5418306625539226
    },
    "Heatwave": {
      "mse": 4124.759973222472,
      "rmse": 64.22429426021334,
      "mae": 50.05671807152164,
      "r2": 0.18043537798503495
    },
    "Tornado": {
      "mse": 1667.8000402778034,
      "rmse": 40.838707622521596,
      "mae": 31.405584259078037,
      "r2": 0.5475016809424571
    },
    "Wildfire": {
      "mse": 2664.3957071041623,
      "rmse": 51.61778479462444,
      "mae": 37.239556395638886,
      "r2": 0.3593636435682974
    },
    "Flood": {
      "mse": 3476.1590842060964,
      "rmse": 58.95896101701671,
      "mae": 41.50442131877542,
      "r2": 0.535062895932583
    }
  },
  "CatBoost": {
    "Hurricane": {
      "mse": 1645.363341123244,
      "rmse": 40.56307854592947,
      "mae": 33.7947411698954,
      "r2": 0.6198527940497878
    },
    "Wildfire": {
      "mse": 2487.554043981247,
      "rmse": 49.87538515120708,
      "mae": 38.54832285184916,
      "r2": 0.4018840538911016
    },
    "Heatwave": {
      "mse": 3798.3896063578172,
      "rmse": 61.63107662825482,
      "mae": 49.397807091306326,
      "r2": 0.2452831771522057
    },
    "Tornado": {
      "mse": 1710.9421602961274,
      "rmse": 41.36353660285986,
      "mae": 29.333309444665897,
      "r2": 0.5357965986079953
    },
    "Flood": {
      "mse": 3892.2417593079686,
      "rmse": 62.387833423737106,
      "mae": 44.698494499308175,
      "r2": 0.47941173920231783
    }
  },
  "Blending": {
    "Heatwave": {
      "mse": 3893.551409274139,
      "rmse": 62.398328577568,
      "mae": 49.84210424855228,
      "r2": 0.2263751079448605
    },
    "Tornado": {
      "mse": 1591.5317366715094,
      "rmse": 39.894006275022186,
      "mae": 30.54549398120849,
      "r2": 0.5681943769166519
    },
    "Flood": {
      "mse": 3745.074819228967,
      "rmse": 61.19701642424218,
      "mae": 44.58013170152544,
      "r2": 0.4990953524309746
    },
    "Wildfire": {
      "mse": 2455.367907362306,
      "rmse": 49.55166906737155,
      "mae": 37.525428440345074,
      "r2": 0.4096229979361593
    },
    "Hurricane": {
      "mse": 1612.8124897924752,
      "rmse": 40.159836774973016,
      "mae": 34.27640984802466,
      "r2": 0.6273733914007931
    }
  },
  "Stacking": {
    "Flood": {
      "mse": 4220.338627796388,
      "rmse": 64.96413339525425,
      "mae": 47.471462195968314,
      "r2": 0.4355287050277088
    },
    "Hurricane": {
      "mse": 2096.1524957283063,
      "rmse": 45.783757990452315,
      "mae": 38.257016642129855,
      "r2": 0.5157017938951438
    },
    "Wildfire": {
      "mse": 2407.7034141481963,
      "rmse": 49.068354508259155,
      "mae": 37.0835668317515,
      "r2": 0.42108361063059985
    },
    "Tornado": {
      "mse": 1562.999612144092,
      "rmse": 39.53478989629377,
      "mae": 30.756328038315413,
      "r2": 0.5759355557606376
    },
    "Heatwave": {
      "mse": 3295.1687418864335,
      "rmse": 57.403560358974545,
      "mae": 50.51796198565432,
      "r2": 0.34527009039271817
    }
  }
}